year,day,part,time_ms,status
2015,1,part1,119,ok
2015,1,part2,107,ok
2015,2,part1,115,ok
2015,2,part2,115,ok
2015,3,part1,115,ok
2015,3,part2,114,ok
2015,4,part1,0,error
2015,4,part2,0,error
2015,5,part1,133,ok
2015,5,part2,154,ok
2015,6,part1,0,error
2015,6,part2,0,error
2015,7,part1,155,ok
2015,7,part2,123,ok
2015,8,part1,134,ok
2015,8,part2,103,ok
2015,9,part1,314,ok
2015,9,part2,286,ok
2015,10,part1,577,ok
2015,10,part2,5428,ok
2015,11,part1,1250,ok
2015,11,part2,4100,ok
2015,12,part1,180,ok
2015,12,part2,139,ok
2015,13,part1,187,ok
2015,13,part2,447,ok
2015,14,part1,147,ok
2015,14,part2,167,ok
2015,15,part1,555,ok
2015,15,part2,468,ok
2015,16,part1,148,ok
2015,16,part2,116,ok
2015,17,part1,184,ok
2015,17,part2,154,ok
2015,18,part1,8596,ok
2015,18,part2,8551,ok
2015,19,part1,420,ok
2015,19,part2,118,ok
2015,20,part1,0,error
2015,20,part2,3732,ok
2015,21,part1,159,ok
2015,21,part2,117,ok
2015,22,part1,247,ok
2015,22,part2,227,ok
2015,23,part1,146,ok
2015,23,part2,116,ok
2015,24,part1,0,error
2015,24,part2,0,error
2015,25,part1,7830,ok
2015,25,part2,120,ok
2016,1,part1,147,ok
2016,1,part2,117,ok
2016,2,part1,147,ok
2016,2,part2,116,ok
2016,3,part1,146,ok
2016,3,part2,114,ok
2016,4,part1,174,ok
2016,4,part2,144,ok
2016,5,part1,0,error
2016,5,part2,0,error
2016,6,part1,134,ok
2016,6,part2,104,ok
2016,7,part1,224,ok
2016,7,part2,173,ok
2016,8,part1,144,ok
2016,8,part2,103,ok
2016,9,part1,133,ok
2016,9,part2,114,ok
2016,10,part1,163,ok
2016,10,part2,123,ok
2016,11,part1,114,ok
2016,11,part2,113,ok
2016,12,part1,834,ok
2016,12,part2,0,error
2016,13,part1,199,ok
2016,13,part2,127,ok
2016,14,part1,0,error
2016,14,part2,0,error
2016,15,part1,196,ok
2016,15,part2,1607,ok
2016,16,part1,148,ok
2016,16,part2,0,error
2016,17,part1,0,error
2016,17,part2,0,error
2016,18,part1,149,ok
2016,18,part2,0,error
2016,19,part1,149,ok
2016,19,part2,107,ok
2016,20,part1,147,ok
2016,20,part2,117,ok
2016,21,part1,166,ok
2016,21,part2,748,ok
2016,22,part1,810,ok
2016,22,part2,180,ok
2016,23,part1,159,ok
2016,23,part2,119,ok
2016,24,part1,639,ok
2016,24,part2,609,ok
2016,25,part1,0,error
2016,25,part2,140,ok
2017,1,part1,178,ok
2017,1,part2,137,ok
2017,2,part1,136,ok
2017,2,part2,105,ok
2017,3,part1,235,ok
2017,3,part2,115,ok
2017,4,part1,134,ok
2017,4,part2,104,ok
2017,5,part1,505,ok
2017,5,part2,0,error
2017,6,part1,239,ok
2017,6,part2,208,ok
2017,7,part1,158,ok
2017,7,part2,127,ok
2017,8,part1,156,ok
2017,8,part2,126,ok
2017,9,part1,146,ok
2017,9,part2,106,ok
2017,10,part1,145,ok
2017,10,part2,6090,ok
2017,11,part1,159,ok
2017,11,part2,128,ok
2017,12,part1,157,ok
2017,12,part2,137,ok
2017,13,part1,136,ok
2017,13,part2,4276,ok
2017,14,part1,0,error
2017,14,part2,0,error
2017,15,part1,0,error
2017,15,part2,0,error
2017,16,part1,281,ok
2017,16,part2,9865,ok
2017,17,part1,210,ok
2017,17,part2,0,error
2017,18,part1,189,ok
2017,18,part2,479,ok
2017,19,part1,327,ok
2017,19,part2,287,ok
2017,20,part1,178,ok
2017,20,part2,2398,ok
2017,21,part1,168,ok
2017,21,part2,127,ok
2017,22,part1,177,ok
2017,22,part2,0,error
2017,23,part1,190,ok
2017,23,part2,129,ok
2017,24,part1,0,error
2017,24,part2,0,error
2017,25,part1,109,ok
2017,25,part2,107,ok
2018,1,part1,136,ok
2018,1,part2,238,ok
2018,2,part1,136,ok
2018,2,part2,186,ok
2018,3,part1,0,error
2018,3,part2,0,error
2018,4,part1,120,ok
2018,4,part2,107,ok
2018,5,part1,197,ok
2018,5,part2,1757,ok
2018,6,part1,0,error
2018,6,part2,2188,ok
2018,7,part1,97,ok
2018,7,part2,96,ok
2018,8,part1,95,ok
2018,8,part2,96,ok
2018,9,part1,0,error
2018,9,part2,0,error
2018,10,part1,109,ok
2018,10,part2,97,ok
2018,11,part1,106,ok
2018,11,part2,107,ok
2018,12,part1,106,ok
2018,12,part2,105,ok
2018,13,part1,106,ok
2018,13,part2,95,ok
2018,14,part1,94,ok
2018,14,part2,105,ok
2018,15,part1,105,ok
2018,15,part2,105,ok
2018,16,part1,105,ok
2018,16,part2,94,ok
2018,17,part1,93,ok
2018,17,part2,94,ok
2018,18,part1,94,ok
2018,18,part2,93,ok
2018,19,part1,94,ok
2018,19,part2,94,ok
2018,20,part1,93,ok
2018,20,part2,94,ok
2018,21,part1,93,ok
2018,21,part2,104,ok
2018,22,part1,105,ok
2018,22,part2,105,ok
2018,23,part1,105,ok
2018,23,part2,105,ok
2018,24,part1,105,ok
2018,24,part2,104,ok
2018,25,part1,94,ok
2018,25,part2,94,ok
2019,1,part1,104,ok
2019,1,part2,104,ok
2019,2,part1,0,error
2019,2,part2,0,error
2019,3,part1,0,error
2019,3,part2,0,error
2019,4,part1,104,ok
2019,4,part2,104,ok
2019,5,part1,0,error
2019,5,part2,0,error
2019,6,part1,104,ok
2019,6,part2,104,ok
2019,7,part1,0,error
2019,7,part2,0,error
2019,8,part1,94,ok
2019,8,part2,93,ok
2019,9,part1,0,error
2019,9,part2,0,error
2019,10,part1,93,ok
2019,10,part2,93,ok
2019,11,part1,94,ok
2019,11,part2,94,ok
2019,12,part1,163,ok
2019,12,part2,113,ok
2019,13,part1,0,error
2019,13,part2,0,error
2019,14,part1,103,ok
2019,14,part2,104,ok
2019,15,part1,104,ok
2019,15,part2,93,ok
2019,16,part1,103,ok
2019,16,part2,94,ok
2019,17,part1,93,ok
2019,17,part2,93,ok
2019,18,part1,94,ok
2019,18,part2,103,ok
2019,19,part1,104,ok
2019,19,part2,104,ok
2019,20,part1,94,ok
2019,20,part2,104,ok
2019,21,part1,104,ok
2019,21,part2,93,ok
2019,22,part1,94,ok
2019,22,part2,93,ok
2019,23,part1,94,ok
2019,23,part2,104,ok
2019,24,part1,94,ok
2019,24,part2,105,ok
2019,25,part1,104,ok
2019,25,part2,105,ok
2020,1,part1,144,ok
2020,1,part2,354,ok
2020,2,part1,144,ok
2020,2,part2,116,ok
2020,3,part1,133,ok
2020,3,part2,104,ok
2020,4,part1,0,error
2020,4,part2,0,error
2020,5,part1,143,ok
2020,5,part2,114,ok
2020,6,part1,144,ok
2020,6,part2,104,ok
2020,7,part1,324,ok
2020,7,part2,124,ok
2020,8,part1,143,ok
2020,8,part2,343,ok
2020,9,part1,144,ok
2020,9,part2,113,ok
2020,10,part1,133,ok
2020,10,part2,103,ok
2020,11,part1,0,error
2020,11,part2,0,error
2020,12,part1,169,ok
2020,12,part2,127,ok
2020,13,part1,146,ok
2020,13,part2,104,ok
2020,14,part1,154,ok
2020,14,part2,3025,ok
2020,15,part1,137,ok
2020,15,part2,0,error
2020,16,part1,180,ok
2020,16,part2,167,ok
2020,17,part1,245,ok
2020,17,part2,3635,ok
2020,18,part1,145,ok
2020,18,part2,114,ok
2020,19,part1,235,ok
2020,19,part2,474,ok
2020,20,part1,205,ok
2020,20,part2,245,ok
2020,21,part1,155,ok
2020,21,part2,114,ok
2020,22,part1,133,ok
2020,22,part2,2464,ok
2020,23,part1,145,ok
2020,23,part2,0,error
2020,24,part1,169,ok
2020,24,part2,8079,ok
